{"a":6,"b":3.14159,"c":9.14159}